namespace_organization,namespace_name,file_name,sample_namespace_organization,sample_namespace_name,sample_names,type,size,md5_checksum,description
IUSCCC,PST001,,IUSCCC,PST001,3,,,,
IUSCCC,PST001,,IUSCCC,PST001,8,,,,
IUSCCC,PST001,,IUSCCC,PST001,12,,,,
IUSCCC,PST001,,IUSCCC,PST001,14,,,,
IUSCCC,PST001,,IUSCCC,PST001,17,,,,
IUSCCC,PST001,,IUSCCC,PST001,21,,,,
IUSCCC,PST001,,IUSCCC,PST001,27,,,,
IUSCCC,PST001,,IUSCCC,PST001,32,,,,
IUSCCC,PST001,,IUSCCC,PST001,33,,,,
IUSCCC,PST001,,IUSCCC,PST001,40,,,,
IUSCCC,PST001,,IUSCCC,PST001,42,,,,
IUSCCC,PST001,,IUSCCC,PST001,45,,,,
IUSCCC,PST001,,IUSCCC,PST001,49,,,,
IUSCCC,PST001,,IUSCCC,PST001,56,,,,
IUSCCC,PST001,,IUSCCC,PST001,59,,,,
IUSCCC,PST001,,IUSCCC,PST001,62,,,,
IUSCCC,PST001,,IUSCCC,PST001,63,,,,
IUSCCC,PST001,,IUSCCC,PST001,70,,,,
IUSCCC,PST001,,IUSCCC,PST001,72,,,,
IUSCCC,PST001,,IUSCCC,PST001,75,,,,
IUSCCC,PST001,,IUSCCC,PST001,80,,,,
IUSCCC,PST001,,IUSCCC,PST001,83,,,,
IUSCCC,PST001,,IUSCCC,PST001,85,,,,
IUSCCC,PST001,,IUSCCC,PST001,88,,,,
IUSCCC,PST001,,IUSCCC,PST001,90,,,,
IUSCCC,PST001,,IUSCCC,PST001,92,,,,
IUSCCC,PST001,,IUSCCC,PST001,94,,,,
IUSCCC,PST001,,IUSCCC,PST001,104,,,,
IUSCCC,PST001,,IUSCCC,PST001,108,,,,
IUSCCC,PST001,,IUSCCC,PST001,115,,,,
IUSCCC,PST001,,IUSCCC,PST001,120,,,,
IUSCCC,PST001,,IUSCCC,PST001,125,,,,
IUSCCC,PST001,,IUSCCC,PST001,121,,,,
IUSCCC,PST001,,IUSCCC,PST001,130,,,,
IUSCCC,PST001,,IUSCCC,PST001,132,,,,
IUSCCC,PST001,,IUSCCC,PST001,135,,,,
IUSCCC,PST001,,IUSCCC,PST001,138,,,,
IUSCCC,PST001,,IUSCCC,PST001,141,,,,
IUSCCC,PST001,,IUSCCC,PST001,142,,,,
IUSCCC,PST001,,IUSCCC,PST001,144,,,,
IUSCCC,PST001,,IUSCCC,PST001,152,,,,
IUSCCC,PST001,,IUSCCC,PST001,156,,,,
IUSCCC,PST001,,IUSCCC,PST001,160,,,,
IUSCCC,PST001,,IUSCCC,PST001,168,,,,
IUSCCC,PST001,,IUSCCC,PST001,172,,,,
IUSCCC,PST001,,IUSCCC,PST001,175,,,,
IUSCCC,PST001,,IUSCCC,PST001,178,,,,
IUSCCC,PST001,,IUSCCC,PST001,180,,,,
IUSCCC,PST001,,IUSCCC,PST001,185,,,,
IUSCCC,PST001,,IUSCCC,PST001,188,,,,
IUSCCC,PST001,,IUSCCC,PST001,190,,,,
IUSCCC,PST001,,IUSCCC,PST001,193,,,,
IUSCCC,PST001,,IUSCCC,PST001,195,,,,
IUSCCC,PST001,,IUSCCC,PST001,200,,,,
IUSCCC,PST001,,IUSCCC,PST001,204,,,,
IUSCCC,PST001,,IUSCCC,PST001,207,,,,
IUSCCC,PST001,,IUSCCC,PST001,209,,,,
IUSCCC,PST001,,IUSCCC,PST001,211,,,,
IUSCCC,PST001,,IUSCCC,PST001,215,,,,
IUSCCC,PST001,,IUSCCC,PST001,221,,,,
IUSCCC,PST001,,IUSCCC,PST001,226,,,,
IUSCCC,PST001,,IUSCCC,PST001,228,,,,
IUSCCC,PST001,,IUSCCC,PST001,234,,,,
IUSCCC,PST001,,IUSCCC,PST001,237,,,,
IUSCCC,PST001,,IUSCCC,PST001,240,,,,
IUSCCC,PST001,,IUSCCC,PST001,245,,,,
IUSCCC,PST001,,IUSCCC,PST001,249,,,,
IUSCCC,PST001,,IUSCCC,PST001,252,,,,
IUSCCC,PST001,,IUSCCC,PST001,257,,,,
IUSCCC,PST001,,IUSCCC,PST001,267,,,,
IUSCCC,PST001,,IUSCCC,PST001,272,,,,
IUSCCC,PST001,,IUSCCC,PST001,274,,,,
IUSCCC,PST001,,IUSCCC,PST001,277,,,,
IUSCCC,PST001,,IUSCCC,PST001,282,,,,
IUSCCC,PST001,,IUSCCC,PST001,283,,,,
IUSCCC,PST001,,IUSCCC,PST001,287,,,,
IUSCCC,PST001,,IUSCCC,PST001,290,,,,
IUSCCC,PST001,,IUSCCC,PST001,292,,,,
IUSCCC,PST001,,IUSCCC,PST001,297,,,,
IUSCCC,PST001,,IUSCCC,PST001,300,,,,
IUSCCC,PST001,,IUSCCC,PST001,303,,,,
IUSCCC,PST001,,IUSCCC,PST001,306,,,,
IUSCCC,PST001,,IUSCCC,PST001,310,,,,
IUSCCC,PST001,,IUSCCC,PST001,313,,,,
IUSCCC,PST001,,IUSCCC,PST001,317,,,,
IUSCCC,PST001,,IUSCCC,PST001,324,,,,
IUSCCC,PST001,,IUSCCC,PST001,326,,,,
IUSCCC,PST001,,IUSCCC,PST001,328,,,,
IUSCCC,PST001,,IUSCCC,PST001,331,,,,
IUSCCC,PST001,,IUSCCC,PST001,337,,,,
IUSCCC,PST001,,IUSCCC,PST001,339,,,,
IUSCCC,PST001,,IUSCCC,PST001,340,,,,
IUSCCC,PST001,,IUSCCC,PST001,342,,,,
IUSCCC,PST001,,IUSCCC,PST001,344,,,,
IUSCCC,PST001,,IUSCCC,PST001,348,,,,
IUSCCC,PST001,,IUSCCC,PST001,357,,,,
IUSCCC,PST001,,IUSCCC,PST001,367,,,,
IUSCCC,PST001,,IUSCCC,PST001,375,,,,
IUSCCC,PST001,,IUSCCC,PST001,443,,,,
IUSCCC,PST001,,IUSCCC,PST001,382,,,,
IUSCCC,PST001,,IUSCCC,PST001,388,,,,
IUSCCC,PST001,,IUSCCC,PST001,390,,,,
IUSCCC,PST001,,IUSCCC,PST001,397,,,,
IUSCCC,PST001,,IUSCCC,PST001,393,,,,
IUSCCC,PST001,,IUSCCC,PST001,402,,,,
IUSCCC,PST001,,IUSCCC,PST001,406,,,,
IUSCCC,PST001,,IUSCCC,PST001,410,,,,
IUSCCC,PST001,,IUSCCC,PST001,415,,,,
IUSCCC,PST001,,IUSCCC,PST001,417,,,,
IUSCCC,PST001,,IUSCCC,PST001,418,,,,
IUSCCC,PST001,,IUSCCC,PST001,421,,,,
IUSCCC,PST001,,IUSCCC,PST001,426,,,,
IUSCCC,PST001,,IUSCCC,PST001,424,,,,
IUSCCC,PST001,,IUSCCC,PST001,428,,,,
IUSCCC,PST001,,IUSCCC,PST001,432,,,,
IUSCCC,PST001,,IUSCCC,PST001,436,,,,
IUSCCC,PST001,,IUSCCC,PST001,444,,,,
IUSCCC,PST001,,IUSCCC,PST001,439,,,,
IUSCCC,PST001,,IUSCCC,PST001,445,,,,
IUSCCC,PST001,,IUSCCC,PST001,447,,,,
IUSCCC,PST001,,IUSCCC,PST001,462,,,,
IUSCCC,PST001,,IUSCCC,PST001,470,,,,
IUSCCC,PST001,,IUSCCC,PST001,475,,,,
IUSCCC,PST001,,IUSCCC,PST001,471,,,,
IUSCCC,PST001,,IUSCCC,PST001,477,,,,
IUSCCC,PST001,,IUSCCC,PST001,473,,,,
IUSCCC,PST001,,IUSCCC,PST001,474,,,,
IUSCCC,PST001,,IUSCCC,PST001,485,,,,
IUSCCC,PST001,,IUSCCC,PST001,468,,,,
IUSCCC,PST001,,IUSCCC,PST001,469,,,,
IUSCCC,PST001,,IUSCCC,PST001,508,,,,
